market_id,cluster,city,state,market_scope,operator,capacity_mw,capacity_basis,as_of_date,data_vintage_flag,source_name,source_url,source_tier,verification_status,notes
MKT-001,Mumbai / Navi Mumbai,Navi Mumbai,Maharashtra,city_market_total,All Operators (Market Total),289.0,facility_power,2020-12-31,stale_pre_2025,Wikipedia citing Knight Frank / JLL India DC Report,https://en.wikipedia.org/wiki/Data_centre_industry_in_India,tier_3,partially_verified,"Originally mis-scraped as 'Yotta Data Center (Mumbai)'. Text refers to Navi Mumbai market total (289 MW, 44% market share)."
MKT-002,Mumbai / Navi Mumbai,Mumbai Metropolitan Region,Maharashtra,city_market_total,All Operators (Market Total),766.6,it_load,2025-06-30,current,JLL India Data Center Market Update 2025,https://www.jll.com,tier_2,verified,Live operational capacity across Mumbai / Navi Mumbai hub accounting for ~47% of national total.
MKT-003,Mumbai / Navi Mumbai,Mumbai Metropolitan Region,Maharashtra,city_market_total,All Operators (Market Total),810.9,facility_power,2025-09-30,current,CBRE India Data Center Market Report (9M 2025),https://www.cbre.co.in,tier_2,verified,"Operational data center capacity in Mumbai (~53% share of 1,530 MW national capacity)."
MKT-004,Chennai,Chennai,Tamil Nadu,city_market_total,All Operators (Market Total),57.0,not_specified,2020-12-31,stale_pre_2025,Wikipedia citing Knight Frank / JLL India DC Report,https://en.wikipedia.org/wiki/Data_centre_industry_in_India,tier_3,partially_verified,"Originally mis-scraped as 'CtrlS Data Center (Mumbai)'. Text describes Chennai market total (57 MW, 8% market share)."
MKT-005,Chennai,Chennai,Tamil Nadu,city_market_total,All Operators (Market Total),191.5,it_load,2025-06-30,current,JLL India Data Center Market Update 2025,https://www.jll.com,tier_2,verified,Live operational capacity in Chennai market (~12-14% of national total).
MKT-006,Chennai,Chennai,Tamil Nadu,city_market_total,All Operators (Market Total),306.0,facility_power,2025-09-30,current,CBRE India Data Center Market Report (9M 2025),https://www.cbre.co.in,tier_2,verified,"Operational capacity in Chennai (~20% share of 1,530 MW national capacity)."
MKT-007,Hyderabad,Hyderabad,Telangana,city_market_total,All Operators (Market Total),38.0,not_specified,2020-12-31,stale_pre_2025,Wikipedia citing Knight Frank / JLL India DC Report,https://en.wikipedia.org/wiki/Data_centre_industry_in_India,tier_3,partially_verified,"Originally mis-scraped as 'CtrlS Data Center (Hyderabad)'. Text describes Hyderabad city market total (38 MW, 6% share)."
MKT-008,Hyderabad,Hyderabad,Telangana,city_market_total,All Operators (Market Total),151.4,it_load,2025-06-30,current,JLL India Data Center Market Update 2025,https://www.jll.com,tier_2,verified,Live operational capacity in Hyderabad market.
MKT-009,Delhi NCR,Delhi NCR (Noida / Greater Noida / Gurugram),Delhi NCR / Uttar Pradesh / Haryana,city_market_total,All Operators (Market Total),153.0,facility_power,2025-09-30,current,CBRE India Data Center Market Report (9M 2025),https://www.cbre.co.in,tier_2,verified,"Operational capacity in Delhi NCR (~10% share of 1,530 MW national capacity)."
MKT-010,Bengaluru,Bengaluru,Karnataka,city_market_total,All Operators (Market Total),162.0,not_specified,2020-12-31,stale_pre_2025,Wikipedia citing Knight Frank / JLL India DC Report,https://en.wikipedia.org/wiki/Data_centre_industry_in_India,tier_3,partially_verified,"Originally mis-scraped as 'NTT Data Center (Bengaluru)'. Text describes Bengaluru city market total as of 2020 (162 MW, 25% share)."
MKT-011,Bengaluru,Bengaluru,Karnataka,city_market_total,All Operators (Market Total),107.1,facility_power,2025-09-30,current,CBRE India Data Center Market Report (9M 2025),https://www.cbre.co.in,tier_2,verified,"Operational capacity in Bengaluru (~7% share of 1,530 MW national capacity)."
MKT-012,Pune,Pune,Maharashtra,city_market_total,All Operators (Market Total),32.0,not_specified,2020-12-31,stale_pre_2025,Wikipedia citing Knight Frank / JLL India DC Report,https://en.wikipedia.org/wiki/Data_centre_industry_in_India,tier_3,partially_verified,"Originally mis-scraped as 'Nxtra Data Center (Pune)'. Text describes Pune market total (32 MW, 5% market share)."
MKT-013,Pune,Pune,Maharashtra,city_market_total,All Operators (Market Total),45.0,it_load,2025-06-30,current,JLL India Data Center Market Update 2025,https://www.jll.com,tier_2,verified,Operational capacity in Pune enterprise & AI edge market.
MKT-014,Kolkata,Kolkata,West Bengal,city_market_total,All Operators (Market Total),67.0,not_specified,2021-12-31,stale_pre_2025,Wikipedia citing West Bengal IT Department / Industry Press,https://en.wikipedia.org/wiki/Data_centre_industry_in_India,tier_3,partially_verified,Originally mis-scraped as 'NTT Data Center (Kolkata)'. Text describes Kolkata market total mentioning NTT (40 MW) and STT (34 MW).
