cluster,state,operational_mw,under_construction_mw,planned_or_announced_mw,total_low_mw,total_high_mw,basis,as_of_date,source_tier,sources,n_facilities_verified,confidence,notes
Mumbai / Navi Mumbai,Maharashtra,766.6,450.0,1100.0,766.6,2316.6,market_report,2025-09-30,tier_2,JLL India DC Report 2025; CBRE India DC Market Report 9M 2025,0,high,Core national data center hub (47-53% market share). Low reflects live IT load (JLL); high includes under-construction and committed pipeline.
Chennai,Tamil Nadu,191.5,115.0,400.0,191.5,706.5,market_report,2025-09-30,tier_2,JLL India DC Report 2025; CBRE India DC Market Report 9M 2025,0,high,Second-largest subsea landing hub (12-20% national share). Low is live IT load; high includes under-construction additions.
Hyderabad,Telangana,151.4,200.0,400.0,151.4,751.4,market_report,2025-09-30,tier_2,JLL India DC Report 2025; Telangana Govt MoU Disclosures / Deccan Chronicle,1,high,Rapidly growing AI/cloud hub. Operational base 151.4 MW (JLL) plus 400 MW NTT Data/Neysa AI cluster announced under Telangana AI roadmap.
"Delhi NCR (Noida, Greater Noida, Gurugram)",Delhi NCR / Uttar Pradesh / Haryana,153.0,60.0,140.0,153.0,353.0,market_report,2025-09-30,tier_2,CBRE India DC Market Report 9M 2025; CRN Asia / TechCircle (Yotta D2),1,high,Operational 153 MW (CBRE ~10% share) plus 60 MW Yotta D2 Blackwell supercluster under construction.
Bengaluru,Karnataka,107.1,50.0,100.0,107.1,257.1,market_report,2025-09-30,tier_2,CBRE India DC Market Report 9M 2025; JLL India DC Report 2025,0,medium,Enterprise R&D / colocation hub (7% national share). Facility-level disclosures remain proprietary.
Pune,Maharashtra,45.0,30.0,70.0,45.0,145.0,market_report,2025-06-30,tier_2,JLL India DC Report 2025; Industry Press,0,medium,Secondary colocation & DR hub (~3% market share). AIRAWAT national supercomputer located at C-DAC Pune excluded as government HPC.
Kolkata,West Bengal,42.4,25.0,0.0,42.4,67.4,facility_sum,2025-02-01,tier_2,w.media; Datacenters.com; Airtel Nxtra filings; Wikipedia List of West Bengal DCs,2,medium,Operational sum: NTT Kolkata 1 (40 MW facility power / 25 MW IT load) + STT Ultadanga (2.4 MW). Under construction: Airtel Nxtra (25 MW). Unverified speculative plans excluded.
Visakhapatnam,Andhra Pradesh,0.0,1000.0,0.0,1000.0,1000.0,facility_sum,2026-04-28,tier_1,Adani Group Corporate Release; Andhra Pradesh Govt Land Allotments (PIB/The Hindu),1,high,"Google / AdaniConneX 1 GW AI Data Center Hub broke ground April 28, 2026 ($15B program). High confidence in tier 1 project milestones."
Jamnagar,Gujarat,0.0,0.0,3000.0,1000.0,3000.0,facility_sum,2026-09-28,tier_1,Reliance Industries AGM Disclosures; NVIDIA Corporate Announcement,3,high,"Reliance Jamnagar AI Giga Complex: Target Master Plan 3 GW, Phase 1 1 GW, Meta anchor 168 MW (nested). Total low is Phase 1 (1 GW); total high is Target Master Plan (3 GW)."
