facility_id,facility_name,operator,facility_class,state,city,cluster,capacity_mw_claimed,capacity_mw_verified,capacity_basis,capacity_disclosed,status,status_raw,as_of_date,data_vintage_flag,workload_label,workload_evidence_quote,parent_project,is_nested,counts_toward_total,source_url,source_name,source_tier,verification_status,notes,date_scraped
FAC-001,Google Cloud India Regions (Mumbai asia-south1 and Delhi NCR asia-south2),Google Cloud,cloud_region,Maharashtra / Delhi NCR,Mumbai / Delhi NCR,other,200.0,,not_specified,False,operational,Operational,2025-01-01,current,general_colocation_or_cloud,,,False,False,https://cloud.google.com/about/locations,Google Cloud Official Global Infrastructure Locations,tier_1,partially_verified,Scraped entry conflated multi-region cloud infrastructure (Mumbai & Delhi NCR) with Visakhapatnam. Google does not publish MW capacity per region.,2026-09-27
FAC-002,Microsoft India South Central Cloud Region (Chandanvelly Campus),Microsoft,cloud_region,Telangana,Hyderabad,Hyderabad,600.0,,not_specified,False,operational,Under Construction,2026-09-01,current,ai_ready_or_hyperscale,Designed for the AI era featuring a resilient three-zone architecture and high-density compute capabilities.,,False,False,https://aidatacenterindex.com/datacenters/microsoft-india-ai-infrastructure-hyderabad-pune.html,AI Data Center Index / Microsoft Corporate Announcements,tier_3,partially_verified,Microsoft inaugurated Hyderabad cloud region in Sep 2026. 600 MW claimed is unverified Tier 3 tracker figure; Microsoft does not publish facility MW.,2026-09-27
FAC-003a,Reliance Jamnagar Gigawatt AI Data Center Hub (Target Master Plan),Reliance Industries / Jio / NVIDIA,hyperscale_campus,Gujarat,Jamnagar,Jamnagar,3000.0,3000.0,facility_power,True,planned,Planned,2026-09-28,current,ai_confirmed,Full campus target capacity disclosed by Reliance Industries leadership across long-term buildout phases powered by renewable energy.,,False,True,https://nvidianews.nvidia.com/news/reliance-nvidia-ai-infrastructure,Reliance Industries Filings / NVIDIA Corporate Release,tier_1,verified,Full campus long-term master plan at Dhirubhai Ambani Green Energy Giga Complex. Parent container for Phase 1 and Meta anchor.,2026-09-28
FAC-003b,Reliance Jamnagar Gigawatt AI Data Center Hub (Phase 1),Reliance Industries / Jio / NVIDIA,hyperscale_campus,Gujarat,Jamnagar,Jamnagar,1000.0,1000.0,facility_power,True,planned,Announced / Planned,2026-09-28,current,ai_confirmed,1 GW initial phase targeting up to 3 GW green AI supercomputing campus at Dhirubhai Ambani Green Energy Giga Complex.,Reliance Jamnagar Gigawatt AI Data Center Hub (Target Master Plan),True,False,https://nvidianews.nvidia.com/news/reliance-nvidia-ai-infrastructure,Reliance AGM / NVIDIA Corporate Release,tier_1,verified,Initial 1 GW phase nested inside 3 GW Target Master Plan. Flagged nested to prevent double-counting.,2026-09-28
FAC-003c,Reliance / Meta Jamnagar AI Data Center (Built-to-Suit Anchor Phase),Reliance Industries / Meta,hyperscale_campus,Gujarat,Jamnagar,Jamnagar,168.0,168.0,facility_power,True,planned,Announced,2026-06-10,current,ai_confirmed,"RIL developing 168 MW built-to-suit facility leased to Meta, powered by renewable energy and cooled with desalinated seawater.",Reliance Jamnagar Gigawatt AI Data Center Hub (Phase 1),True,False,https://aidatacenterindex.com/datacenters/reliance-jio-jamnagar-ai-mega-campus-india.html,Reliance-Meta Bilateral Release / AI Data Center Index,tier_1,verified,Dedicated 168 MW anchor facility for Meta nested inside Phase 1. Flagged nested to prevent double-counting.,2026-09-27
FAC-004,Yotta D2 / NVIDIA Blackwell AI Supercluster (Greater Noida),Yotta Data Services,hyperscale_campus,Uttar Pradesh,Greater Noida,Delhi NCR,60.0,60.0,it_load,True,under_construction,Under Construction,2026-03-01,current,ai_confirmed,"60 MW D2 hyperscale data center in Greater Noida deploying 20,736 liquid-cooled NVIDIA Blackwell Ultra GPUs.",,False,True,https://aidatacenterindex.com/datacenters/yotta-d2-greater-noida-ai-supercluster.html,CRN Asia / TechCircle / Yotta Corporate Disclosures,tier_2,verified,60 MW IT load dedicated AI building at Yotta Greater Noida campus.,2026-09-27
FAC-005,AWS Asia Pacific (Mumbai) Region (ap-south-1),Amazon Web Services,cloud_region,Maharashtra,Mumbai,Mumbai / Navi Mumbai,400.0,,not_specified,False,operational,Operational,2025-01-01,current,general_colocation_or_cloud,,,False,False,https://aws.amazon.com/about-aws/global-infrastructure/regions_az/,AWS Global Infrastructure Documentation,tier_1,partially_verified,City corrected from Hyderabad to Mumbai. AWS region ap-south-1 has 3 AZs in Mumbai. 400 MW claimed is unverified Tier 3 estimate.,2026-09-27
FAC-006,AWS Asia Pacific (Hyderabad) Region (ap-south-2),Amazon Web Services,cloud_region,Telangana,Hyderabad,Hyderabad,120.0,,not_specified,False,operational,Operational,2025-01-01,current,general_colocation_or_cloud,,,False,False,https://aws.amazon.com/about-aws/global-infrastructure/regions_az/,AWS Global Infrastructure Documentation,tier_1,partially_verified,AWS ap-south-2 region launched Nov 2022 with 3 AZs. 120 MW claimed is unverified Tier 3 tracker estimate.,2026-09-27
FAC-007,Google / AdaniConneX Visakhapatnam AI Hub,AdaniConneX / Google,hyperscale_campus,Andhra Pradesh,Visakhapatnam,Visakhapatnam,1000.0,1000.0,facility_power,True,under_construction,Under Construction,2026-04-28,current,ai_confirmed,"1 GW gigawatt-scale AI hub in Visakhapatnam with $15 billion investment over 5 years, groundbreaking April 28 2026.",,False,True,https://aidatacenterindex.com/datacenters/adani-google-vizag-india-ai-campus.html,Adani Group Corporate Release / AP State Govt Allotments,tier_1,verified,1 GW AI campus under construction in Visakhapatnam across 480 acres.,2026-09-27
FAC-008,AWS India Cloud Infrastructure Expansion Program,Amazon Web Services,cloud_region,Telangana,Hyderabad,Hyderabad,150.0,,not_specified,False,announced,Announced,2025-01-01,current,general_colocation_or_cloud,,,False,False,https://aidatacenterindex.com/datacenters/amazon-aws-india-announced-expansion.html,AI Data Center Index,tier_3,unverified,Program-level investment row. AWS does not disclose individual facility MW.,2026-09-27
FAC-009,AIRAWAT AI Supercomputer (India),C-DAC / MeitY,government_hpc,Maharashtra,Pune,Pune,600.0,,not_specified,False,operational,Operational,2023-05-01,stale_pre_2025,government_or_enterprise,,,False,False,https://www.top500.org/system/180214/,TOP500 Supercomputing List / C-DAC Official Portal,tier_1,verified,Location corrected from Greater Noida to Pune (C-DAC). Reclassified to government_hpc. Claimed 600 MW is an erroneous tracker value; actual supercomputer power is <1 MW. Excluded from commercial total.,2026-09-27
FAC-010,Oracle Cloud India South Region (ap-hyderabad-1),Oracle,cloud_region,Telangana,Hyderabad,Hyderabad,80.0,,not_specified,False,operational,Operational,2025-01-01,current,general_colocation_or_cloud,,,False,False,https://aidatacenterindex.com/datacenters/oracle-cloud-india-ai-region-hyderabad.html,AI Data Center Index / Oracle Cloud Documentation,tier_3,partially_verified,"Oracle operates ap-hyderabad-1 region in Hyderabad, but does not publish individual facility MW capacity. 80 MW is unverified Tier 3 estimate.",2026-09-27
FAC-011,NTT Data / Neysa Telangana AI Data Center Cluster,NTT Data / Neysa Networks,hyperscale_campus,Telangana,Hyderabad,Hyderabad,400.0,400.0,facility_power,True,announced,Announced,2025-04-01,current,ai_confirmed,"400 MW data center cluster in Hyderabad designed to host advanced AI supercomputing infrastructure powered by 25,000 GPUs.",,False,True,https://www.deccanchronicle.com/southern-states/telangana/ntt-data-neysa-to-set-up-400-mw-ai-data-centre-cluster-in-hyderabad-1875189,Deccan Chronicle / The Hindu / Telangana Government MoU,tier_2,verified,"Location corrected from Greater Noida to Hyderabad, Telangana. Tripartite MoU with Telangana Govt for 400 MW AI cluster with 25,000 GPUs.",2026-09-27
FAC-012,Webel Siliguri Data Center,Webel,commercial_colocation,West Bengal,Siliguri,other,20.0,,not_specified,True,under_construction,Under construction,2022-01-01,stale_pre_2025,general_colocation_or_cloud,,,False,False,https://en.wikipedia.org/wiki/List_of_data_centres_in_West_Bengal,Wikipedia: List of data centres in West Bengal,tier_3,unverified,Tier 3 Wikipedia listing without tier 1/2 corroboration.,2026-09-27
FAC-013,"Tata Communications Data Center (Ultadanga, Kolkata)",Tata Communications,commercial_colocation,West Bengal,Kolkata,Kolkata,6.0,,not_specified,True,operational,Operational,2021-01-01,stale_pre_2025,general_colocation_or_cloud,,,False,False,https://en.wikipedia.org/wiki/List_of_data_centres_in_West_Bengal,Wikipedia: List of data centres in West Bengal,tier_3,unverified,"Operational colocation site in Ultadanga, Kolkata. Unverified Tier 3 source.",2026-09-27
FAC-014,STT Kolkata 1 (Ultadanga),STT GDC India,commercial_colocation,West Bengal,Kolkata,Kolkata,2.4,,facility_power,True,operational,Operational,2021-01-01,stale_pre_2025,general_colocation_or_cloud,,,False,False,https://en.wikipedia.org/wiki/List_of_data_centres_in_West_Bengal,Wikipedia: List of data centres in West Bengal,tier_3,unverified,"STT GDC facility in Ultadanga, 20,000 sq ft.",2026-09-27
FAC-015,"Sify Data Center (New Town AA-I, Kolkata)",Sify Technologies,commercial_colocation,West Bengal,Kolkata,Kolkata,2.0,,facility_power,True,operational,Operational,2021-01-01,stale_pre_2025,general_colocation_or_cloud,,,False,False,https://en.wikipedia.org/wiki/List_of_data_centres_in_West_Bengal,Wikipedia: List of data centres in West Bengal,tier_3,unverified,"Sify facility at Action Area I, New Town, Kolkata (350 racks).",2026-09-27
FAC-016,"NTT Kolkata 1 Data Center (KOL1, BSV, New Town)",NTT Data,hyperscale_campus,West Bengal,Kolkata,Kolkata,40.0,40.0,facility_power,True,operational,Operational,2025-02-01,current,general_colocation_or_cloud,,,False,True,https://en.wikipedia.org/wiki/List_of_data_centres_in_West_Bengal,w.media / Datacenters.com / NTT Press Release,tier_2,verified,"NTT Kolkata 1 (KOL1) at Bengal Silicon Valley, New Town. 25 MW IT load, 40 MW total power rating. Inaugurated Feb 2025.",2026-09-27
FAC-017,"STT Kolkata 2 (BSV, AA-II, New Town)",STT GDC India,commercial_colocation,West Bengal,Kolkata,Kolkata,6.0,,not_specified,True,under_construction,Under construction,2022-01-01,stale_pre_2025,general_colocation_or_cloud,,,False,False,https://en.wikipedia.org/wiki/List_of_data_centres_in_West_Bengal,Wikipedia: List of data centres in West Bengal,tier_3,unverified,"STT GDC facility under construction at Bengal Silicon Valley, New Town (Phase 1 6 MW of planned 34 MW campus).",2026-09-27
FAC-018,"Airtel Nxtra Data Center (BSV, AA-II, New Town)",Nxtra by Airtel,hyperscale_campus,West Bengal,Kolkata,Kolkata,25.0,25.0,facility_power,True,under_construction,Under construction,2025-01-01,current,general_colocation_or_cloud,,,False,True,https://en.wikipedia.org/wiki/List_of_data_centres_in_West_Bengal,Airtel Nxtra Disclosures / w.media,tier_2,verified,"25 MW hyperscale DC at Bengal Silicon Valley, New Town. Merged duplicate rows 12 & 24 from original facilities.csv.",2026-09-27
FAC-019,"Hiranandani / Yotta Data Center Park (Uttarpara, Hooghly)",Hiranandani Group / Yotta,hyperscale_campus,West Bengal,Kolkata,Kolkata,250.0,,facility_power,True,planned,Planned,2021-01-01,stale_pre_2025,ai_ready_or_hyperscale,,,False,False,https://en.wikipedia.org/wiki/Data_centre_industry_in_India,Wikipedia citing Hiranandani MoUs,tier_3,unverified,100-acre land acquisition at Hind Motor for 6 DCs (250 MW total). Uncorroborated by active tier 1/2 filings.,2026-09-27
FAC-020,"Universal Success Enterprises Data Center (BSV, AA-II, New Town)",Universal Success Enterprises,commercial_colocation,West Bengal,Kolkata,Kolkata,27.0,,not_specified,True,planned,Planned,2021-01-01,stale_pre_2025,general_colocation_or_cloud,,,False,False,https://en.wikipedia.org/wiki/List_of_data_centres_in_West_Bengal,Wikipedia: List of data centres in West Bengal,tier_3,unverified,"Planned project at Bengal Silicon Valley Hub, New Town.",2026-09-27
FAC-021,Webel Purulia Data Center,Webel,commercial_colocation,West Bengal,Purulia,other,6.0,,not_specified,True,operational,Operational,2021-01-01,stale_pre_2025,general_colocation_or_cloud,,,False,False,https://en.wikipedia.org/wiki/List_of_data_centres_in_West_Bengal,Wikipedia: List of data centres in West Bengal,tier_3,unverified,Tier 3 Wikipedia entry for Purulia facility.,2026-09-27
FAC-022,"Techno Electric & Engg Data Center (BSV, AA-II, New Town)",Techno Electric & Engg,commercial_colocation,West Bengal,Kolkata,Kolkata,20.0,,not_specified,True,planned,Planned,2021-01-01,stale_pre_2025,general_colocation_or_cloud,,,False,False,https://en.wikipedia.org/wiki/List_of_data_centres_in_West_Bengal,Wikipedia: List of data centres in West Bengal,tier_3,unverified,"Planned project at Bengal Silicon Valley Hub, New Town.",2026-09-27
FAC-023,"National Informatics Centre Data Centre (Nizam Palace, Kolkata)",National Informatics Centre,government_dc,West Bengal,Kolkata,Kolkata,,,not_specified,False,operational,Operational,2021-01-01,stale_pre_2025,government_or_enterprise,,,False,False,https://en.wikipedia.org/wiki/List_of_data_centres_in_West_Bengal,Wikipedia: List of data centres in West Bengal,tier_3,unverified,"Central government data centre at Nizam Palace, Kolkata (1,200 sq ft, 20 racks). Power capacity not disclosed.",2026-09-27
FAC-024,"L&T Data Center (BSV, AA-II, New Town)",Larsen & Toubro,commercial_colocation,West Bengal,Kolkata,Kolkata,,,not_specified,False,planned,Planned,2021-01-01,stale_pre_2025,ai_ready_or_hyperscale,,,False,False,https://en.wikipedia.org/wiki/List_of_data_centres_in_West_Bengal,Wikipedia: List of data centres in West Bengal,tier_3,unverified,"Planned hyperscale DC on 525,000 sq ft at Bengal Silicon Valley Hub. Power capacity not disclosed.",2026-09-27
FAC-025,"Webel Old State Data Centre (Manibhandar, Salt Lake Sector-V)",Webel,government_dc,West Bengal,Kolkata,Kolkata,,,not_specified,False,operational,Operational since 2009,2009-01-01,stale_pre_2025,government_or_enterprise,,,False,False,https://en.wikipedia.org/wiki/List_of_data_centres_in_West_Bengal,Wikipedia: List of data centres in West Bengal,tier_3,unverified,"West Bengal State Data Centre (Tier-II, 4,300 sq ft). Operational since 2009. Power capacity not disclosed.",2026-09-27
FAC-026,"CtrlS Data Center (BSV, AA-II, New Town)",CtrlS,commercial_colocation,West Bengal,Kolkata,Kolkata,,,not_specified,False,planned,Planned,2021-01-01,stale_pre_2025,general_colocation_or_cloud,,,False,False,https://en.wikipedia.org/wiki/List_of_data_centres_in_West_Bengal,Wikipedia: List of data centres in West Bengal,tier_3,unverified,Planned project at Bengal Silicon Valley Hub. Power capacity not disclosed.,2026-09-27
FAC-027,"Webel New State Data Centre (Webel Bhaban, Salt Lake Sector-V)",Webel,government_dc,West Bengal,Kolkata,Kolkata,,,not_specified,False,operational,Operational,2021-01-01,stale_pre_2025,government_or_enterprise,,,False,False,https://en.wikipedia.org/wiki/List_of_data_centres_in_West_Bengal,Wikipedia: List of data centres in West Bengal,tier_3,unverified,"New West Bengal State Data Centre (Tier-III+, 12,000+ sq ft). Power capacity not disclosed.",2026-09-27
FAC-028,"Ricoh India Data Center (SALTLEC, Salt Lake Sector-V)",Ricoh India,enterprise_captive,West Bengal,Kolkata,Kolkata,,,not_specified,False,operational,Operational,2021-01-01,stale_pre_2025,government_or_enterprise,,,False,False,https://en.wikipedia.org/wiki/List_of_data_centres_in_West_Bengal,Wikipedia: List of data centres in West Bengal,tier_3,unverified,"Enterprise data center at Salt Lake Sector-V, Kolkata. Power capacity not disclosed.",2026-09-27
FAC-029,"Reliance Industries Data Center (BSV, AA-II, New Town)",Reliance Industries,hyperscale_campus,West Bengal,Kolkata,Kolkata,,,not_specified,False,under_construction,Under construction,2022-01-01,stale_pre_2025,ai_ready_or_hyperscale,,,False,False,https://en.wikipedia.org/wiki/List_of_data_centres_in_West_Bengal,Wikipedia: List of data centres in West Bengal,tier_3,unverified,"40-acre plot acquisition at Bengal Silicon Valley Hub (525,000 sq ft). Power capacity not disclosed.",2026-09-27
FAC-030,"Adani Enterprises Data Center (BSV, AA-II, New Town)",Adani Enterprises,hyperscale_campus,West Bengal,Kolkata,Kolkata,,,not_specified,False,under_construction,Under construction,2022-01-01,stale_pre_2025,ai_ready_or_hyperscale,,,False,False,https://en.wikipedia.org/wiki/List_of_data_centres_in_West_Bengal,Wikipedia: List of data centres in West Bengal,tier_3,unverified,"51.8-acre plot at Bengal Silicon Valley Hub (₹10,000 crore investment). Power capacity not disclosed.",2026-09-27
