cluster,state,emission_factor_tco2_per_mwh,emission_factor_source,re_share_pct,re_share_definition,re_share_source,solar_cf_pct,solar_cf_basis,solar_cf_source,wind_cf_pct,wind_cf_basis,wind_cf_source,storage_signal,storage_source,data_year,confidence
Mumbai/Navi Mumbai,Maharashtra,0.716,"Central Electricity Authority (CEA) CO2 Baseline Database for the Indian Power Sector (Ver 19.0/20.0), National Unified Synchronous Grid Weighted Baseline (0.716 tCO2/MWh)",36.8,Renewables including Large Hydro >=25MW (RE+Hydro: 36.8%; RE excluding Large Hydro: 26.5%),Central Electricity Authority (CEA) All India Installed Capacity Report (Monthly Executive Summary),20.8,Western Maharashtra / Sakri Solar Park regional benchmark,CERC RE Tariff Regulations & State SERC Multi-Year Tariff Solar Benchmarks,24.0,Western Ghats ridge sites (Satara / Sangli hills adjacent to Pune),National Institute of Wind Energy (NIWE) Wind Resource Assessment at 120m/150m Hub Height,"₹2.38–2.40 Lakh/MW/month (MSEDCL 2,000 MW / 4,000 MWh Standalone BESS, Sep 2026)",MSEDCL BESS Auction Filings & Award Orders,2024-2026,High (Official Statutory & Regulatory Publications)
Chennai,Tamil Nadu,0.716,"Central Electricity Authority (CEA) CO2 Baseline Database for the Indian Power Sector (Ver 19.0/20.0), National Unified Synchronous Grid Weighted Baseline (0.716 tCO2/MWh)",53.2,Renewables including Large Hydro >=25MW (RE+Hydro: 53.2%; RE excluding Large Hydro: 48.6%),Central Electricity Authority (CEA) All India Installed Capacity Report (Monthly Executive Summary),21.0,Kamuthi / TNERC normative utility-scale solar benchmark,CERC RE Tariff Regulations & State SERC Multi-Year Tariff Solar Benchmarks,31.5,Muppandal / Kayathar Pass Zone I high-yield coastal wind corridor,National Institute of Wind Energy (NIWE) Wind Resource Assessment at 120m/150m Hub Height,"₹3.15–3.16 Lakh/MW/month (TNGECL 375 MW / 1,500 MWh BESS Tender, 2026)",TNGECL Tender Outcomes & TNERC Filings,2024-2026,High (Official Statutory & Regulatory Publications)
Hyderabad,Telangana,0.716,"Central Electricity Authority (CEA) CO2 Baseline Database for the Indian Power Sector (Ver 19.0/20.0), National Unified Synchronous Grid Weighted Baseline (0.716 tCO2/MWh)",34.5,Renewables including Large Hydro >=25MW (RE+Hydro: 34.5%; RE excluding Large Hydro: 23.8%),Central Electricity Authority (CEA) All India Installed Capacity Report (Monthly Executive Summary),21.5,Deccan plateau state normative benchmark (CERC Southern Region zone),CERC RE Tariff Regulations & State SERC Multi-Year Tariff Solar Benchmarks,19.0,Inland low-wind resource (marginal commercial feasibility for utility scale),National Institute of Wind Energy (NIWE) Wind Resource Assessment at 120m/150m Hub Height,₹3.04–3.75 Lakh/MW/month (SECI ISTS National BESS Benchmark Proxy),SECI Pan-India ISTS Standalone BESS Tenders (VGF Route),2024-2026,High (Official Statutory & Regulatory Publications)
Pune,Maharashtra,0.716,"Central Electricity Authority (CEA) CO2 Baseline Database for the Indian Power Sector (Ver 19.0/20.0), National Unified Synchronous Grid Weighted Baseline (0.716 tCO2/MWh)",36.8,Renewables including Large Hydro >=25MW (RE+Hydro: 36.8%; RE excluding Large Hydro: 26.5%),Central Electricity Authority (CEA) All India Installed Capacity Report (Monthly Executive Summary),20.8,Western Maharashtra / Sakri Solar Park regional benchmark,CERC RE Tariff Regulations & State SERC Multi-Year Tariff Solar Benchmarks,24.0,Western Ghats ridge sites (Satara / Sangli hills adjacent to Pune),National Institute of Wind Energy (NIWE) Wind Resource Assessment at 120m/150m Hub Height,"₹2.38–2.40 Lakh/MW/month (MSEDCL 2,000 MW / 4,000 MWh Standalone BESS, Sep 2026)",MSEDCL BESS Auction Filings & Award Orders,2024-2026,High (Official Statutory & Regulatory Publications)
Delhi-NCR/Noida,Uttar Pradesh,0.716,"Central Electricity Authority (CEA) CO2 Baseline Database for the Indian Power Sector (Ver 19.0/20.0), National Unified Synchronous Grid Weighted Baseline (0.716 tCO2/MWh)",22.4,Renewables including Large Hydro >=25MW (RE+Hydro: 22.4%; RE excluding Large Hydro: 13.6%),Central Electricity Authority (CEA) All India Installed Capacity Report (Monthly Executive Summary),19.5,"Bundelkhand regional solar park proxy (moderate DNI, winter haze impact)",CERC RE Tariff Regulations & State SERC Multi-Year Tariff Solar Benchmarks,,Not viable (wind power density <100 W/m2 in Gangetic plains; zero commercial potential),National Institute of Wind Energy (NIWE) Wind Resource Assessment at 120m/150m Hub Height,₹3.04–3.75 Lakh/MW/month (SECI ISTS National BESS Benchmark Proxy),SECI ISTS National BESS Benchmark,2024-2026,High (Official Statutory & Regulatory Publications)
Bengaluru,Karnataka,0.716,"Central Electricity Authority (CEA) CO2 Baseline Database for the Indian Power Sector (Ver 19.0/20.0), National Unified Synchronous Grid Weighted Baseline (0.716 tCO2/MWh)",61.2,Renewables including Large Hydro >=25MW (RE+Hydro: 61.2%; RE excluding Large Hydro: 51.8%),Central Electricity Authority (CEA) All India Installed Capacity Report (Monthly Executive Summary),22.5,"Pavagada Ultra Mega Solar Park benchmark (2,050 MW high-DNI plateau)",CERC RE Tariff Regulations & State SERC Multi-Year Tariff Solar Benchmarks,28.0,Chitradurga / Gadag central Karnataka high-wind plateau,National Institute of Wind Energy (NIWE) Wind Resource Assessment at 120m/150m Hub Height,"₹2.49–2.54 Lakh/MW/month (KPTCL 500 MW / 1,000 MWh Standalone BESS, 2026)",KPTCL BESS Procurement Orders,2024-2026,High (Official Statutory & Regulatory Publications)
Vizag,Andhra Pradesh,0.716,"Central Electricity Authority (CEA) CO2 Baseline Database for the Indian Power Sector (Ver 19.0/20.0), National Unified Synchronous Grid Weighted Baseline (0.716 tCO2/MWh)",44.1,Renewables including Large Hydro >=25MW (RE+Hydro: 44.1%; RE excluding Large Hydro: 36.2%),Central Electricity Authority (CEA) All India Installed Capacity Report (Monthly Executive Summary),22.0,Kurnool / Ananthapuramu Ultra Mega Solar Park empirical benchmark,CERC RE Tariff Regulations & State SERC Multi-Year Tariff Solar Benchmarks,27.0,Rayalaseema wind corridor (Ananthapur / Kadapa Class II resource),National Institute of Wind Energy (NIWE) Wind Resource Assessment at 120m/150m Hub Height,₹2.80–3.20 Lakh/MW/month (APGECL Hybrid Pumped/Battery Storage Procurement Notices),APTRANSCO / APGECL Storage Tender Notices,2024-2026,High (Official Statutory & Regulatory Publications)
Kolkata,West Bengal,0.716,"Central Electricity Authority (CEA) CO2 Baseline Database for the Indian Power Sector (Ver 19.0/20.0), National Unified Synchronous Grid Weighted Baseline (0.716 tCO2/MWh)",13.8,Renewables including Large Hydro >=25MW (RE+Hydro: 13.8%; RE excluding Large Hydro: 4.2%),Central Electricity Authority (CEA) All India Installed Capacity Report (Monthly Executive Summary),18.2,"Gangetic delta regional proxy (lower DNI, higher monsoon cloud attenuation)",CERC RE Tariff Regulations & State SERC Multi-Year Tariff Solar Benchmarks,,Not viable (wind power density <100 W/m2 in Gangetic delta; non-commercial onshore wind),National Institute of Wind Energy (NIWE) Wind Resource Assessment at 120m/150m Hub Height,No state tender data found; ISTS national benchmark (₹3.04–3.75 Lakh/MW/month) applicable,SECI ISTS National BESS Benchmark (WBSEDCL has no standalone BESS tenders),2024-2026,High (Official Statutory & Regulatory Publications)
Jamnagar,Gujarat,0.716,"Central Electricity Authority (CEA) CO2 Baseline Database for the Indian Power Sector (Ver 19.0/20.0), National Unified Synchronous Grid Weighted Baseline (0.716 tCO2/MWh)",57.4,Renewables including Large Hydro >=25MW (RE+Hydro: 57.4%; RE excluding Large Hydro: 54.0%),Central Electricity Authority (CEA) All India Installed Capacity Report (Monthly Executive Summary),23.0,Charanka Solar Park & Coastal Saurashtra / Kutch high-irradiance benchmark,CERC RE Tariff Regulations & GERC Multi-Year Tariff Solar Benchmarks,32.0,Coastal Saurashtra / Gulf of Kutch / Jamnagar Class I wind corridor (120m/150m hub height),National Institute of Wind Energy (NIWE) Wind Resource Assessment at 120m/150m Hub Height,"₹2.10–2.32 Lakh/MW/month (GUVNL 450 MW / 900 MWh & 335 MW Standalone BESS, 2026)",GUVNL Standalone BESS Auction Filings & GERC Tariff Orders,2024-2026,High (Official Statutory & Regulatory Publications)
