current_cluster,candidate_name,distance_km_approx,workload_radius_category,method,re_share_pct,solar_cf_pct,wind_cf_pct,water_stress_level,sustainability_uplift_score,net_score_after_distance_penalty,source_url,confidence,notes,proxy_flag,original_net_score
Mumbai/Navi Mumbai,MIDC Dighi Port Industrial Area (Raigad / DMIC Node),105,cloud_inference_50_100km,named_research,36.8,21.0,24.5,Low,16.52,12.14,https://www.midcindia.org/industrial-parks/dighi-port-industrial-area,High (Statutory MIDC Master Plan & Coastal Zone),Direct coastal location with seawater cooling potential; bypasses Mumbai urban congestion; adjacent to Konkan green energy transmission corridor.,FALSE,14.35
Mumbai/Navi Mumbai,MIDC Chakan-Talegaon Industrial Corridor (Pune Outer Border),95,cloud_inference_50_100km,named_research,36.8,20.8,24.0,Low,16.0,12.04,https://www.midcindia.org/industrial-parks/chakan-industrial-area,Medium (MIDC & PCMC Industrial Area Records; state-level proxy),"Higher elevation (~600m) reduces HVAC ambient cooling load; direct 400kV substation access; abundant industrial dam reservoir allocations. (state-level proxy, not site-verified)",TRUE,12.04
Mumbai/Navi Mumbai,MIDC Tarapur Industrial Complex (Palghar Coastal Node),110,cloud_inference_50_100km,named_research,36.8,20.9,23.5,Low,15.73,11.15,https://www.midcindia.org/industrial-parks/tarapur-industrial-area,Medium (MIDC Industrial Directory),Established power transmission corridor with coastal water access; lower seismic and flood vulnerability than Navi Mumbai creek basins.,FALSE,11.14
Chennai,Cheyyar SIPCOT Industrial Park (Tiruvannamalai Corridor),92,cloud_inference_50_100km,named_research,53.2,21.2,31.5,Medium,8.16,4.33,https://sipcot.tn.gov.in/cheyyar-industrial-park,High (SIPCOT Official Industrial Directory),Dedicated 230kV substation; closer to central TN wind generation corridor; lower water stress than Chennai urban coastal aquifer.,FALSE,4.33
Chennai,Sri City Integrated Business City (Tada / AP-TN Border),72,cloud_inference_50_100km,named_research,48.5,21.5,28.5,Low,12.61,9.61,https://www.sricity.in/infrastructure/,High (Sri City Master Plan & Utility Disclosures),"Dual-state grid access (TNERC/APCPDCL), 100% industrial water recycling system, high ground elevation avoiding coastal flood surge.",FALSE,9.61
Hyderabad,Orvakal Mega Industrial Hub (Kurnool Ultra Solar Corridor),205,ai_training_150_400km,named_research,44.1,22.5,27.0,Low,17.87,15.31,https://www.apiic.in/industrial-parks/kurnool-orvakal-node,Medium (APIIC Master Plan & Kurnool Solar Corridor; state-level proxy),"Direct co-location with 1,000 MW Kurnool Solar Park and Rayalaseema wind corridor; +9.6% higher grid RE and +8.0% higher wind CF for AI batch training. (state-level proxy, not site-verified)",TRUE,15.31
Hyderabad,"Divitipally Green Tech & EV Corridor (Mahabubnagar, Telangana)",78,ai_training_150_400km,named_research,34.5,22.0,19.5,Low,8.75,7.77,https://tgsic.telangana.gov.in/industrial-parks/divitipally,High (TGSIC Industrial Corridor Master Plan),High solar DNI plateau; dedicated clean tech corridor; lower water competition than Hyderabad urban core; direct 400kV substation.,FALSE,7.78
Hyderabad,Zaheerabad NIMZ Mega Industrial Corridor (Telangana),115,ai_training_150_400km,named_research,34.5,21.8,20.0,Low,8.95,7.51,https://tgsic.telangana.gov.in/nimz-zaheerabad,High (National Investment and Manufacturing Zone Gazette),600m elevation; abundant land and dedicated Singur canal water pipeline; low seismic risk; heavy-duty power evacuation.,FALSE,7.51
Pune,MIDC Shirwal Industrial Area (Satara Wind Ridge Corridor),58,cloud_inference_50_100km,named_research,36.8,21.0,25.5,Low,9.23,6.81,https://www.midcindia.org/industrial-parks/shirwal-industrial-area,High (MIDC Official Industrial Directory),Direct proximity to Satara wind power ridge (+1.5% wind CF); high elevation; abundant water from Veer Dam canal; lower land cost than Hinjawadi.,FALSE,6.81
Pune,MIDC Chincholi Solar & Clean Energy Park (Solapur),235,cloud_inference_50_100km,named_research,36.8,22.2,24.5,Medium,1.48,-8.31,https://www.midcindia.org/industrial-parks/chincholi-solapur,High (MIDC & Maharashtra Energy Development Agency),High solar DNI plateau (+1.4% solar CF gain); designated solar park node with dedicated 400kV substation evacuation.,FALSE,-8.31
Delhi-NCR/Noida,BIDA Jhansi Ultra Mega Solar Hub (Bundelkhand Green Corridor),365,ai_training_150_400km,named_research,28.5,21.5,Not Viable,Low,19.73,15.17,https://bidaonline.in/invest-in-bundelkhand,High (Bundelkhand Industrial Development Authority Master Plan),"Co-located with 4,000 MW upcoming Bundelkhand Solar Park; +2.0% solar CF; low land cost; direct green energy corridor avoiding NCR winter smog.",FALSE,15.18
Delhi-NCR/Noida,YEIDA Sector 28 Data Center Park (Jewar Airport Green Node),52,ai_training_150_400km,named_research,22.4,19.8,Not Viable,Medium,8.24,7.59,https://yamunaexpresswayauthority.com/data-center-park,High (YEIDA Official Allotment Policy & Master Plan 2041),250-acre dedicated data center zone; planned dedicated 400kV substations with integrated rooftop and canal-top solar allocations.,FALSE,7.59
Delhi-NCR/Noida,Neemrana / DMIC Japanese Zone (Alwar / Rajasthan Border),128,ai_training_150_400km,named_research,43.5,22.0,Not Viable,Low,25.39,23.79,https://riico.rajasthan.gov.in/industrial-areas/neemrana,Medium (RIICO Japanese Zone; NIWE Alwar wind non-viable),Direct access to Rajasthan high-RE grid (43.5% non-fossil) and low water stress. Wind CF corrected from 22.0% to Not Viable (0.0%) as NIWE confirms Alwar district has sub-100 W/m² non-commercial wind resource (western desert wind average inapplicable).,FALSE,39.5
Bengaluru,Vasanthanarasapura Industrial Area (Tumakuru / CBIC Node),76,cloud_inference_50_100km,named_research,61.2,22.5,28.0,Low,16.0,12.83,https://kiadb.karnataka.gov.in/industrial-areas/tumakuru-vasanthanarasapura,Medium (KIADB Gazette; state-level proxy),"Direct transmission line from Pavagada 2,050 MW Solar Park; abundant Hemavathi industrial water allocation; solves Bengaluru urban water crisis. (state-level proxy, not site-verified)",TRUE,12.83
Bengaluru,Dobbaspet Industrial Area (Bengaluru Rural Node),54,cloud_inference_50_100km,named_research,61.2,22.5,28.0,Low,16.0,13.75,https://kiadb.karnataka.gov.in/industrial-areas/dobbaspet,Medium (KIADB Industrial Directory; state-level proxy),"Direct 220kV substation; outside congested Cauvery water basin; 40% lower land acquisition cost while retaining Bengaluru low-latency connectivity. (state-level proxy, not site-verified)",TRUE,13.75
Vizag,Kakinada SEZ & Green Energy Port Corridor,142,ai_training_150_400km,named_research,44.1,22.0,27.0,Low,0.0,-1.77,https://www.apiic.in/industrial-parks/kakinada-sez,Medium (APIIC Master Plan; state-level proxy),"Direct deep-water port access with unlimited seawater cooling potential; dedicated green hydrogen and solar-wind transmission corridor. (state-level proxy, not site-verified)",TRUE,-1.78
Vizag,Atchutapuram Mega Industrial Park (Anakapalli Node),42,ai_training_150_400km,named_research,44.1,22.0,27.0,Low,0.0,-0.53,https://www.apiic.in/industrial-parks/atchutapuram,Medium (APIIC Allotment Records; state-level proxy),"Dedicated industrial water pipeline from Yeleru reservoir, existing 400kV substation, avoids Vizag city residential air pollution and congestion. (state-level proxy, not site-verified)",TRUE,-0.52
Vizag,Ananthapuramu Ultra Mega Solar & Wind Hub (Rayalaseema),385,ai_training_150_400km,named_research,48.0,22.8,28.0,Low,2.72,-2.09,https://nredcap.gov.in/solar-parks.aspx,High (NREDCAP & SECI Ultra Mega Solar Park Records),"Co-located at source of AP's largest solar (1,500 MW NP Kunta) and wind generation; avoids coastal cyclone outage risks for batch AI training.",FALSE,-2.09
Kolkata,Vidyasagar Industrial Park (Kharagpur / WBIDC Node),122,cloud_inference_50_100km,named_research,14.2,18.5,Not Viable,Low,8.38,4.31,https://wbidc.com/parks/vidyasagar-industrial-park,High (WBIDC Official Industrial Park Records),Direct connection to DVC/inter-state high voltage lines; non-flood-prone terrain compared to Kolkata East wetlands; dedicated industrial water supply.,FALSE,4.31
Kolkata,Panagarh Industrial Park (Durgapur-Asansol Energy Belt),160,cloud_inference_50_100km,named_research,14.5,18.8,Not Viable,Low,8.72,3.39,https://wbidc.com/parks/panagarh-industrial-park,High (WBIDC Industrial Directory),Heavy industrial infrastructure with 400kV substation; proximity to DVC floating solar pilot projects at Maithon and Panchet reservoirs.,FALSE,3.4
