cluster,water_stress_level,water_stress_source,wue_basis,demand_ml_low,demand_ml_high,priority_flag,notes
Delhi-NCR/Noida,High,CGWB Dynamic Ground Water Resources Assessment 2023 (Gautam Buddha Nagar / Gurugram Over-Exploited) / WRI Aqueduct 4.0 (Extremely High >80%),"Industry-standard assumption, applied uniformly (1.25 L/kWh for standard evaporative/chilled-water cooling; Uptime Institute / AWS / Microsoft reported range 1.0–1.8 L/kWh)",1089.0,2512.5,High Priority,"Critically over-exploited Yamuna floodplain aquifer; 2,512 ML/yr future draw creates severe municipal water conflict in Greater Noida."
Bengaluru,High,CGWB Karnataka Ground Water Year Book 2023 (Bengaluru Urban & Rural Over-Exploited) / WRI Aqueduct 4.0 (Extremely High >80%),"Industry-standard assumption, applied uniformly (1.25 L/kWh for standard evaporative/chilled-water cooling; Uptime Institute / AWS / Microsoft reported range 1.0–1.8 L/kWh)",762.3,1829.9,High Priority,"Severe municipal tanker water crisis & Cauvery Stage V deficits; 1,830 ML/yr draw makes urban freshwater cooling indefensible without recycled water mandate."
Chennai,High,CGWB Tamil Nadu Ground Water Assessment (Kanchipuram/Tiruvallur Over-Exploited) / WRI Aqueduct 4.0 (Extremely High >80% / 2019 Day Zero),"Industry-standard assumption, applied uniformly (1.25 L/kWh for standard evaporative/chilled-water cooling; Uptime Institute / AWS / Microsoft reported range 1.0–1.8 L/kWh)",1361.9,5024.5,High Priority,"Historical Day Zero reservoir vulnerability; 5,025 ML/yr pipeline demand must mandate 100% CMWSSB Tertiary Treated Reverse Osmosis (TTRO) effluent."
Hyderabad,Medium-High,CGWB Telangana Dynamic Ground Water Assessment (Rangareddy Semi-Critical / Hyderabad Over-Exploited) / WRI Aqueduct 4.0 (High 40–80%),"Industry-standard assumption, applied uniformly (1.25 L/kWh for standard evaporative/chilled-water cooling; Uptime Institute / AWS / Microsoft reported range 1.0–1.8 L/kWh)",1077.5,5348.1,Medium Priority,Semi-critical groundwater in Chandanvelly/Pharma City belt; requires HMWSSB treated industrial wastewater hookup for upcoming 400 MW AI clusters.
Pune,Medium,CGWB Maharashtra Dynamic Ground Water Resources (Pune District Semi-Critical) / WRI Aqueduct 4.0 (Medium-High 20–40%),"Industry-standard assumption, applied uniformly (1.25 L/kWh for standard evaporative/chilled-water cooling; Uptime Institute / AWS / Microsoft reported range 1.0–1.8 L/kWh)",320.3,1032.0,Medium Priority,Khadakwasla reservoir dependence with seasonal summer depletion; MIDC industrial recycled water sourcing recommended for Hinjewadi/Chakan.
Mumbai/Navi Mumbai,Medium,CGWB Maharashtra Ground Water Year Book (Thane/Raigad Safe to Semi-Critical) / WRI Aqueduct 4.0 (Medium 20–40% / Bhatsa-Tansa Dams),"Industry-standard assumption, applied uniformly (1.25 L/kWh for standard evaporative/chilled-water cooling; Uptime Institute / AWS / Microsoft reported range 1.0–1.8 L/kWh)",5456.3,16488.4,Medium Priority,"High absolute volume (16,488 ML/yr) cushioned by high monsoon rainfall and municipal reservoir infrastructure; NMMC/MIDC industrial effluent available."
Vizag,Medium,CGWB Andhra Pradesh Ground Water Assessment (Visakhapatnam Semi-Critical Coastal) / WRI Aqueduct 4.0 (Medium-High 20–40%),"Industry-standard assumption, applied uniformly (1.25 L/kWh for standard evaporative/chilled-water cooling; Uptime Institute / AWS / Microsoft reported range 1.0–1.8 L/kWh)",7117.5,7117.5,Low Priority (Coastal / Desal Option),"1 GW AdaniConneX/Google hub; coastal location allows direct industrial intake and seawater reverse osmosis desalination, minimizing municipal freshwater clash."
Kolkata,Low,CGWB West Bengal Ground Water Assessment (Kolkata / North 24 Parganas Safe) / WRI Aqueduct 4.0 (Low-Medium <20% / Hooghly River Basin),"Industry-standard assumption, applied uniformly (1.25 L/kWh for standard evaporative/chilled-water cooling; Uptime Institute / AWS / Microsoft reported range 1.0–1.8 L/kWh)",301.8,479.7,Low Priority,Abundant surface water and high alluvial water table in Gangetic delta; modest demand (<480 ML/yr) creates lowest national water conflict.
Jamnagar,High (Physical) / Mitigated (Desalination),CGWB Gujarat Ground Water Assessment (Saurashtra Semi-Critical/Arid) / Sourced Reliance AGM Disclosures (100% Captive Seawater Desalination),"Industry-standard assumption, applied uniformly (1.25 L/kWh for standard evaporative/chilled-water cooling; Uptime Institute / AWS / Microsoft reported range 1.0–1.8 L/kWh)",7117.5,21352.5,Low Priority (Seawater Mitigated),"Largest power draw nationally (21,353 ML/yr equivalent), but zero municipal freshwater draw due to Reliance's 100% captive seawater desalination infrastructure."
